{
                "请求头": "手机",
                "主页url": "http://www.hongbaohk.com",
                "数组": "class=\"myui-vodlist__box\">&&</div>",
                "简介": "剧情简介</h3>&&</span>",
                "线路数组": "href=\"#play_down*\"&&</li>[排序:1080zyk>>]",
                "线路标题": "✨PYLB专享✨+tab\">&&</a",
                "播放数组": "class=\"myui-content__list&&</ul>",
                "播放列表": "<li&&</li>",
                "播放标题": ">&&</a",
                "播放链接": "href=\"&&\"",
                "搜索数组": "lazyload\"&&</a",
                "搜索图片": "data-original=\"&&\"",
                "搜索标题": "title=\"&&\"",
                "搜索链接": "href=\"&&\"",
                "搜索url": "http://www.hongbaohk.com/sou/{wd}----------{pg}---.html",
                "分类数组": "class=\"col-lg-5 col-md-5 col-sm-5 col-xs-3\">&&</li>",
                "分类标题": ">&&</a",
                "分类ID": "href=\"/hk&&.html\"",
                "分类url": "http://www.hongbaohk.com/rou/{cateId}--{by}------{catePg}---.html[]"
            }